Start,End,Open,High,Low,Close,Volume,Market Cap,ema_short,ema_long,macd_line,signal_line,histogram
2023-09-23,2023-09-24,26580.1,26632.75,26524.9,26580.66,27485516874.35764,518045955547.94446,26580.66,26580.66,0.0,0.0,0.0
2023-09-24,2023-09-25,26575.97,26708.73,26238.82,26254.11,20558845366.819443,517708761935.15625,26417.385000000002,26417.385000000002,0.0,0.0,0.0
2023-09-25,2023-09-26,26251.64,26419.98,26029.07,26308.45,29729980167.375,510829342057.5417,26381.073333333334,26381.073333333334,0.0,0.0,0.0
2023-09-26,2023-09-27,26304.75,26386.51,26124.07,26217.38,30801411868.84722,511684910238.2882,26340.15,26340.15,0.0,0.0,0.0
2023-09-27,2023-09-28,26214.89,26808.54,26172.5,26368.04,28486091576.21528,513326391607.7882,26345.728000000003,26345.728000000003,0.0,0.0,0.0
2023-09-28,2023-09-29,26370.33,27234.96,26330.72,27020.31,28973213250.90972,520205740020.184,26458.158333333336,26458.158333333336,0.0,0.0,0.0
2023-09-29,2023-09-30,27021.39,27229.29,26702.95,26910.69,33574434386.88889,525633916400.99304,26522.805714285718,26522.805714285718,0.0,0.0,0.0
2023-09-30,2023-10-01,26906.99,27080.82,26886.87,26967.11,21798932201.40625,525844162485.2535,26578.34375,26578.34375,0.0,0.0,0.0
2023-10-01,2023-10-02,26962.53,27993.9,26962.53,27978.1,18834874003.375,529776807474.7153,26733.872222222224,26733.872222222224,0.0,0.0,0.0
2023-10-02,2023-10-03,27991.07,28478.97,27374.23,27609.13,31522159982.00347,546920722977.0347,26821.397999999997,26821.397999999997,0.0,0.0,0.0
2023-10-03,2023-10-04,27497.49,27663.53,27254.73,27419.23,31238180718.98611,536028511381.0278,26875.74636363636,26875.74636363636,0.0,0.0,0.0
2023-10-04,2023-10-05,27427.28,27819.83,27255.35,27778.6,22165383914.42361,536685995898.51733,26950.98416666666,26950.98416666666,0.0,0.0,0.0
2023-10-05,2023-10-06,27785.52,28071.45,27374.37,27422.6,19688560916.87847,539004799814.67017,26987.2623076923,26987.2623076923,0.0,0.0,0.0
2023-10-06,2023-10-07,27409.84,28224.97,27247.64,27933.0,24229756760.48611,540409148707.0625,27091.28846153846,27054.814999999995,-36.473461538465926,-4.052606837607325,-32.4208547008586
2023-10-07,2023-10-08,27933.78,28013.81,27865.0,27958.62,26085716212.13889,544805188638.1875,27222.40461538461,27115.068666666662,-107.33594871794776,-15.978823361823743,-91.35712535612402
2023-10-08,2023-10-09,27956.63,28094.99,27737.73,27932.44,16818867481.385416,544600269628.4653,27347.326923076922,27166.154374999995,-181.17254807692734,-36.109106481482335,-145.063441595445
2023-10-09,2023-10-10,27917.01,27974.95,27299.96,27584.1,23156001098.38889,539897756919.4861,27452.459230769233,27190.739411764698,-261.71981900453466,-65.18908637087507,-196.53073263365957
2023-10-10,2023-10-11,27588.85,27707.75,27302.72,27390.34,25715370675.649307,536966444778.3958,27531.097692307692,27201.828333333327,-329.2693589743649,-101.77457070136006,-227.49478827300481
2023-10-11,2023-10-12,27389.13,27467.7,26548.13,26844.46,26211489297.725693,527084957372.6007,27517.570769230773,27183.019473684206,-334.5512955465674,-138.94693687320088,-195.60435867336653
2023-10-12,2023-10-13,26876.31,26928.73,26577.4,26738.45,27178555016.756943,522248626257.8507,27504.321538461543,27160.790999999997,-343.5305384615458,-177.11699670226153,-166.41354175928427
2023-10-13,2023-10-14,26759.66,27055.95,26697.05,26841.72,28991540610.02778,523287271812.1285,27494.676153846158,27145.59714285714,-349.07901098901857,-215.90355347881916,-133.1754575101994
2023-10-14,2023-10-15,26862.0,26968.05,26807.54,26858.7,29481994960.538193,524553850179.1215,27408.568461538467,27132.55636363636,-276.0120979021085,-246.5715643568312,-29.440533545277304
2023-10-15,2023-10-16,26852.47,27271.37,26823.21,27146.62,20894691266.866196,525681704687.3768,27372.990769230764,27133.167826086952,-239.82294314381215,-269.1659512018697,29.343008058057535
2023-10-16,2023-10-17,27154.1,29291.74,27124.05,28502.1,46414178107.84722,544604882908.0833,27456.288461538457,27190.20666666666,-266.08179487179586,-286.80437855229724,20.722583680501373
2023-10-17,2023-10-18,28500.82,28596.46,28117.74,28407.42,75291272170.23958,554009555647.0521,27504.659230769226,27238.895199999995,-265.7640307692309,-296.2034321847754,30.439401415544523
2023-10-18,2023-10-19,28395.92,28794.04,28190.5,28322.73,52104621440.451385,554307620710.2048,27573.899999999998,27280.58115384615,-293.3188461538484,-299.71443520136586,6.395589047517433
2023-10-19,2023-10-20,28320.02,28865.26,28183.07,28695.97,43605092992.99306,555871255246.1562,27632.589999999993,27333.002962962957,-299.58703703703577,-296.4163994305515,-3.170637606484263
2023-10-20,2023-10-21,28717.81,30023.31,28594.81,29665.02,64765591151.93056,574373641571.7882,27763.851538461542,27447.238518518516,-316.6130199430263,-294.4232576968247,-22.18976224620161
2023-10-21,2023-10-22,29669.08,30205.02,29470.81,29894.16,54234859743.89931,581554496900.2396,27914.753076923076,27582.055185185185,-332.69789173789104,-293.2196302830853,-39.47826145480576
2023-10-22,2023-10-23,29909.78,30162.17,29747.9,29965.01,42841417581.451385,583879900870.2743,28097.9,27717.48333333334,-380.4166666666606,-296.7015920250455,-83.7150746416151
2023-10-23,2023-10-24,29989.04,34063.21,29892.17,32941.46,59300815030.291664,603210099542.8507,28524.909230769237,27966.523333333338,-558.3858974358991,-328.07645863991115,-230.30943879598794
2023-10-24,2023-10-25,33062.93,34986.96,32879.2,33856.0,173333705633.47916,665645055283.7604,29064.258461538466,28243.855185185188,-820.4032763532778,-392.58538455207395,-427.8178918012038
2023-10-25,2023-10-26,33915.21,35096.27,33786.0,34464.23,121054277086.50348,670279091543.0416,29658.549230769233,28519.555925925928,-1138.993304843305,-489.5755523266861,-649.4177525166189
2023-10-26,2023-10-27,34494.38,34800.64,33770.04,34148.86,86077807428.64685,670335137320.514,30220.63692307692,28787.636296296292,-1433.0006267806275,-619.2685074390635,-813.732119341564
2023-10-27,2023-10-28,34151.63,34245.0,33439.18,33910.02,68530016598.56597,663156929975.3195,30763.046153846153,29044.78111111111,-1718.2650427350418,-777.5958626147517,-940.6691801202901
2023-10-28,2023-10-29,33892.03,34389.96,33862.69,34088.4,54952706849.6875,665584240907.9445,31297.029230769233,29271.088518518518,-2025.9407122507146,-969.4129376384938,-1056.5277746122208
2023-10-29,2023-10-30,34082.0,34716.85,33958.65,34535.58,36770834872.49653,669819697224.2084,31761.14307692308,29527.623703703703,-2233.5193732193766,-1182.4025324469771,-1051.1168407723994
2023-10-30,2023-10-31,34522.35,34826.34,34081.95,34486.77,52507686363.28125,672583464610.0,32228.785384615392,29789.384444444444,-2439.400940170948,-1416.480648939539,-1022.9202912314092
2023-10-31,2023-11-01,34474.74,34664.97,34089.59,34650.03,63716251715.013885,671545109490.7257,32715.500769230777,30043.881851851853,-2671.6189173789244,-1671.0586767964571,-1000.5602405824673
2023-11-01,2023-11-02,34642.97,35517.42,34191.59,35428.26,69941173386.40277,675547794651.4409,33233.36923076923,30340.38777777778,-2892.981452991451,-1930.4581829692963,-962.5232700221547
2023-11-02,2023-11-03,35421.42,35882.72,34455.34,34918.05,99037559847.02777,686523360276.5903,33637.448461538464,30599.093333333338,-3038.3551282051267,-2176.897277619502,-861.4578505856248
2023-11-03,2023-11-04,34929.22,34929.22,34130.74,34730.03,79432467912.06598,674413528540.3472,34009.438461538455,30849.886296296303,-3159.552165242152,-2401.4038176638182,-758.1483475783339
2023-11-04,2023-11-05,34716.8,35208.5,34593.44,35019.68,55955346234.708336,679031841967.507,34398.259230769225,31112.376666666674,-3285.8825641025505,-2607.279588477365,-678.6029756251855
2023-11-05,2023-11-06,35062.06,35311.03,34604.42,35022.44,43093136541.47569,684411278696.2084,34558.334615384614,31387.87074074075,-3170.463874643865,-2768.635014245012,-401.82886039885307
2023-11-06,2023-11-07,35011.91,35276.36,34738.19,35019.43,63144740589.333336,683663175431.0452,34647.82923076923,31670.429629629638,-2977.399601139594,-2874.3526685659986,-103.04693257359531
2023-11-07,2023-11-08,35041.66,35853.1,34567.74,35423.24,60331832973.892365,683059571154.0382,34721.59923076923,31988.162222222232,-2733.4370085469964,-2929.8990724912896,196.46206394429328
2023-11-08,2023-11-09,35403.49,35899.37,35161.17,35680.29,74213990138.79514,691478402764.6632,34839.401538461534,32319.341481481493,-2520.060056980041,-2938.861196581189,418.80113960114795
2023-11-09,2023-11-10,35620.89,37896.08,35586.65,36775.23,107959561594.65625,714919296037.5416,35059.802307692305,32687.249259259257,-2372.5530484330484,-2905.6316555872027,533.0786071541543
2023-11-10,2023-11-11,36690.24,37445.02,36389.43,37321.14,122320956786.25348,721663544725.993,35308.474615384606,33074.747037037036,-2233.7275783475707,-2832.3812250712162,598.6536467236456
2023-11-11,2023-11-12,37291.12,37396.29,36788.62,37082.17,76722189582.7257,724301433314.9341,35504.36615384615,33442.73037037037,-2061.63578347578,-2723.856853434622,662.2210699588418
2023-11-12,2023-11-13,37132.82,37206.05,36754.31,37035.03,51910456415.107635,724387347104.6284,35700.38615384615,33758.764814814815,-1941.621339031335,-2588.5312060778647,646.9098670465296
2023-11-13,2023-11-14,37064.08,37337.76,36414.24,36531.68,52369620884.68056,720422316732.6771,35845.12846153846,34059.66333333334,-1785.46512820512,-2421.818157644817,636.3530294396969
2023-11-14,2023-11-15,36466.8,36733.34,35150.03,35540.04,73074282460.79514,707837497107.743,35853.726923076916,34326.97111111112,-1526.7558119657988,-2239.183928458365,712.428116492566
2023-11-15,2023-11-16,35551.22,37863.66,35390.38,37863.66,86986645724.87848,708393701396.618,36080.3123076923,34666.51518518519,-1413.7971225071087,-2065.450319721422,651.6531972143134
2023-11-16,2023-11-17,37857.91,37869.84,35547.05,36223.54,101367468658.62848,721967490104.1562,36195.197692307695,34909.42333333334,-1285.774358974355,-1904.5989142133508,618.8245552389958
2023-11-17,2023-11-18,36166.13,36671.18,35941.81,36514.01,89470470460.94444,710576228450.1077,36310.14615384615,35154.60296296297,-1155.5431908831815,-1752.9859290914776,597.4427382082961
2023-11-18,2023-11-19,36621.91,36807.23,36228.17,36559.41,65233267011.322914,713204236065.7778,36428.374615384615,35398.840000000004,-1029.5346153846112,-1603.7616587527623,574.227043368151
2023-11-19,2023-11-20,36566.86,37480.34,36400.01,37388.51,40323738067.767365,716127337160.625,36610.61153846153,35563.54555555556,-1047.0659829059732,-1471.9103703703627,424.84438746438946
2023-11-20,2023-11-21,37349.99,37715.45,36907.91,37465.89,60307893596.77778,728822464072.625,36767.73846153846,35697.245185185195,-1070.4932763532634,-1361.7834251345275,291.2901487812642
2023-11-21,2023-11-22,37448.81,37602.23,35942.19,35942.19,84297006475.5,725844949530.4166,36787.88461538462,35751.98444444445,-1035.9001709401637,-1261.147739791064,225.24756885090028
2023-11-22,2023-11-23,35769.16,37799.92,35769.16,37448.77,106062673922.05556,716625387478.743,36839.69538461539,35874.20333333334,-965.4920512820536,-1170.0396201329454,204.54756885089182
2023-11-23,2023-11-24,37405.3,37635.03,36912.95,37294.4,81239924209.87848,729535946714.7952,36837.63846153847,35999.55074074075,-838.0877207977173,-1093.5209433364919,255.43322253877454
2023-11-24,2023-11-25,37294.24,38378.84,37262.01,37710.8,63980426347.31944,735907159356.4618,36885.99461538462,36133.71370370371,-752.2809116809076,-1020.0191421335808,267.7382304526732
2023-11-25,2023-11-26,37711.07,37868.05,37598.72,37785.84,69914110442.125,738197810721.7327,36943.74923076924,36254.09370370371,-689.6555270655299,-953.7837163659335,264.1281893004036
2023-11-26,2023-11-27,37780.68,37814.65,37178.74,37478.11,37752415504.43356,735040010633.1538,37016.55153846154,36364.88407407407,-651.6674643874721,-897.7975245330769,246.13006014560472
2023-11-27,2023-11-28,37442.96,37547.98,36754.04,37268.83,61565626037.61806,726567202037.3021,37149.53538461539,36461.87666666666,-687.6587179487251,-859.8113137068673,172.15259575814218
2023-11-28,2023-11-29,37241.07,38273.7,36896.17,37776.89,75091400151.02777,731986258444.243,37142.86076923077,36548.862962962965,-593.9978062678056,-809.4704051915154,215.47259892370982
2023-11-29,2023-11-30,37832.67,38345.98,37623.01,37808.01,68380861881.71528,742003659759.5452,37264.74307692308,36655.898518518516,-608.8445584045621,-758.1761031972152,149.33154479265306
2023-11-30,2023-12-01,37854.66,38143.94,37530.89,37715.02,28133746903.427082,738851273635.2118,37357.12846153846,36766.45370370371,-590.6747578347495,-708.7066128521692,118.03185501741973
2023-12-01,2023-12-02,37712.36,38959.11,37624.65,38658.06,29142859065.62369,751075055658.2334,37518.563076923085,36901.20851851852,-617.3545584045642,-670.0246691991148,52.670110794550624
2023-12-02,2023-12-03,38682.56,39652.7,38641.63,39460.0,28359905974.39236,760710072264.6841,37677.90846153846,37065.56259259259,-612.3458689458712,-644.9422412155764,32.59637226970517
2023-12-03,2023-12-04,39453.73,40108.54,39288.24,39941.07,26254626062.49653,773502630811.2882,37868.306923076925,37247.845555555556,-620.4613675213695,-630.2956251978499,9.83425767648032
2023-12-04,2023-12-05,39972.22,42386.31,39972.22,41995.8,45201233924.361115,810351304916.4514,38333.96923076923,37491.27370370371,-842.6955270655235,-647.3000696422937,-195.3954574232298
2023-12-05,2023-12-06,41991.56,44413.99,41437.9,44085.68,49528316257.291664,829378490635.4445,38844.50076923078,37802.584444444445,-1041.9163247863326,-690.661054131056,-351.2552706552766
2023-12-06,2023-12-07,44072.29,44269.99,43454.0,43714.53,58562982566.78819,858287937128.6909,39338.35692307692,38059.595555555556,-1278.7613675213652,-756.3391263057937,-522.4222412155715
2023-12-07,2023-12-08,43766.57,44045.95,43011.1,43249.99,41104564561.24653,852057304979.7466,39764.44846153846,38279.1825925926,-1485.265868945855,-855.3689110477992,-629.8969578980557
2023-12-08,2023-12-09,43275.13,44614.01,43129.99,44199.33,39750657917.8125,854131359423.7014,40257.79384615384,38542.78111111111,-1715.0127350427356,-978.2764862298185,-736.7362488129171
2023-12-09,2023-12-10,44171.04,44344.36,43629.98,43701.25,34949278292.076385,861249549262.4514,40736.49692307692,38789.67814814815,-1946.818774928768,-1128.9591547958205,-817.8596201329476
2023-12-10,2023-12-11,43713.6,44032.99,43610.02,43762.68,25480214581.02778,857357855767.8055,41236.02384615384,39057.49296296296,-2178.530883190877,-1302.4231908831887,-876.1076923076882
2023-12-11,2023-12-12,43789.48,43804.42,40375.19,41221.12,43861781609.8,820450444449.9053,41500.96461538462,39267.903333333335,-2233.0612820512833,-1482.5026812282345,-750.5586008230489
2023-12-12,2023-12-13,41258.82,42045.96,40700.59,41512.61,49048167063.94444,813012566945.8889,41785.93384615385,39403.04962962963,-2382.8842165242168,-1678.3274422285508,-704.556774295666
2023-12-13,2023-12-14,41492.36,43354.3,40693.86,42906.87,37987604126.627174,814451975730.3937,42185.306923076925,39650.58037037038,-2534.7265527065465,-1866.3308895219977,-668.3956631845488
2023-12-14,2023-12-15,42866.86,43357.6,41938.38,43004.17,42951564227.947914,838439205108.2812,42519.623076923075,39890.95666666667,-2628.6664102564027,-2042.6364545742279,-586.0299556821749
2023-12-15,2023-12-16,43022.22,43078.69,41742.32,41953.42,38137174910.15972,831255134345.8055,42711.42461538461,40090.734814814816,-2620.689800569795,-2191.739613801831,-428.9501867679637
2023-12-16,2023-12-17,41934.6,42697.9,41725.94,42244.61,29546881906.618057,827593815440.5347,42888.619999999995,40270.59037037037,-2618.029629629622,-2317.602253877805,-300.4273757518167
2023-12-17,2023-12-18,42278.01,42418.39,41298.47,41448.75,24403669115.885418,821166369178.5347,42846.539230769224,40418.10370370372,-2428.435527065507,-2396.8714529914464,-31.5640740740605
2023-12-18,2023-12-19,41374.65,42714.97,40660.03,42666.06,33200312603.461807,810384647539.4861,42737.33769230769,40667.13592592594,-2070.201766381746,-2410.5806742639998,340.37890788225377
2023-12-19,2023-12-20,42657.76,43314.73,41846.62,42300.16,40118803131.68056,836098775200.5278,42628.53999999999,40846.81703703704,-1781.722962962951,-2366.4909053497854,584.7679423868344
2023-12-20,2023-12-21,42270.92,44279.96,42225.37,43645.95,36592551109.46528,845177333455.0798,42658.99846153845,41082.059629629635,-1576.9388319088175,-2293.5884108895116,716.6495789806941
2023-12-21,2023-12-22,43661.99,44206.01,43296.11,43849.41,41912480831.138885,856025729719.0104,42632.081538461534,41309.41555555556,-1322.6659829059718,-2175.7863849319288,853.120402025957
2023-12-22,2023-12-23,43861.77,44358.59,43429.95,43948.89,35933013764.46181,857466992625.2847,42651.13076923077,41537.676666666666,-1113.454102564101,-2017.8672238049903,904.4131212408893
2023-12-23,2023-12-24,43956.76,43975.78,43351.06,43727.32,26907189863.461807,855127722257.7812,42648.410769230766,41769.12888888889,-879.2818803418777,-1823.4911649255987,944.209284583721
2023-12-24,2023-12-25,43702.13,43927.88,42850.2,43017.9,20946516344.444443,854044631030.5659,42786.624615384615,41982.0574074074,-804.5672079772121,-1621.6997657486452,817.1325577714331
2023-12-25,2023-12-26,42972.39,43725.61,42764.0,43613.88,27513077611.38889,848417379933.1077,42948.26076923077,42198.242222222216,-750.0185470085562,-1414.1429787907489,664.1244317821927
2023-12-26,2023-12-27,43576.08,43576.08,41723.24,42519.8,32193618867.555557,836405782385.6945,42918.486153846156,42372.75296296296,-545.7331908831984,-1204.9538303260479,659.2206394428495
2023-12-27,2023-12-28,42508.97,43624.64,42154.05,43384.25,33673429434.85764,838499636801.2153,42947.72307692308,42582.724444444444,-364.99863247863686,-1015.4868154479248,650.4881829692879
2023-12-28,2023-12-29,43435.28,43730.03,42321.07,42592.06,35344996354.704865,840557637464.3959,42996.849230769236,42728.42814814815,-268.42108262108377,-847.3421620766062,578.9210794555224
2023-12-29,2023-12-30,42563.72,43033.78,41683.16,42057.41,35226725843.31597,830554419250.6909,42982.44923076923,42824.62851851852,-157.8207122507083,-689.6623710034829,531.8416587527746
2023-12-30,2023-12-31,42070.91,42570.01,41539.76,42198.85,34749601493.03125,824737365687.8298,43040.14923076924,42908.25,-131.89923076923878,-557.3549540994014,425.45572333016264
2023-12-31,2024-01-01,42140.32,42814.17,42000.02,42224.09,25925718093.87847,831325834493.0243,43006.151538461534,42916.70518518519,-89.44635327634751,-443.57631528965106,354.12996201330355
2024-01-01,2024-01-02,42276.34,44122.03,42227.99,44122.03,25446134905.26736,838250699610.9688,43146.29538461538,42918.05148148149,-228.2439031338945,-371.2387622665418,142.99485913264732
2024-01-02,2024-01-03,44179.5,45846.21,44179.5,44957.63,46593616092.15278,885906624909.5868,43247.193846153845,42964.09222222222,-283.1016239316232,-313.29814181703193,30.196517885408753
2024-01-03,2024-01-04,44944.83,45474.95,40931.46,42818.03,99124375067.69098,860210389676.8438,43167.85692307692,42948.09370370369,-219.7632193732279,-254.38088319088436,34.61766381765645
2024-01-04,2024-01-05,42845.26,44664.55,42635.44,44188.15,163905349005.13196,851366855527.3577,43186.26153846154,42947.67962962963,-238.58190883191128,-220.25296296296358,-18.3289458689477
2024-01-05,2024-01-06,44168.03,44229.51,43142.74,44112.11,142446432011.0521,857139251515.882,43215.86076923077,42962.896666666675,-252.9641025640958,-207.8046818613479,-45.15942070274792
2024-01-06,2024-01-07,44145.12,44180.03,43454.05,43941.78,116258879408.92361,858402098110.8472,43286.92846153847,42969.53,-317.39846153846884,-213.24661285216845,-104.15184868630038
2024-01-07,2024-01-08,43966.93,44442.83,43625.9,43850.46,96328651324.82639,863400987919.2222,43305.126923076925,43066.91296296297,-238.213960113957,-222.17919594808498,-16.03476416587202
2024-01-08,2024-01-09,43923.68,47200.03,43260.51,46900.01,122271995738.0,878477896044.7153,43642.06615384615,43266.4462962963,-375.61985754984926,-249.25926559037504,-126.36059195947422
2024-01-09,2024-01-10,46951.07,47842.37,45412.61,46082.08,111771707928.25694,913768700835.1875,43849.591538461544,43384.046666666676,-465.5448717948675,-291.0479898702106,-174.49688192465692
2024-01-10,2024-01-11,46106.95,47629.98,44632.42,46564.21,62473093954.77778,897575436530.2361,44155.14153846154,43515.9,-639.2415384615379,-336.7143937955043,-302.52714466603356
2024-01-11,2024-01-12,46639.46,48853.77,45699.32,46356.96,86342160205.33333,912540670422.3854,44485.876153846155,43678.99407407408,-806.8820797720764,-394.9122222222213,-411.9698575498551
2024-01-12,2024-01-13,46342.02,46416.33,41903.92,42896.05,64928724108.979164,883712208328.1459,44539.50692307693,43703.12148148148,-836.3854415954484,-463.4258024691347,-372.9596391263137
2024-01-13,2024-01-14,42797.5,43250.08,42463.07,42840.02,59386885600.34722,840023043894.7812,44586.886153846164,43754.65,-832.2361538461628,-529.387385248496,-302.8487685976668
2024-01-14,2024-01-15,42847.96,43054.18,41737.9,41737.9,25534697690.21875,838079464709.9166,44403.49153846154,43720.2737037037,-683.2178347578374,-577.193355492245,-106.02447926559239
2024-01-15,2024-01-16,41746.55,43369.82,41746.55,42611.43,33261581208.305557,835207392070.868,44223.01461538462,43731.80222222222,-491.212393162401,-596.5060145615709,105.29362139916987
2024-01-16,2024-01-17,42523.93,43525.03,42090.04,43137.2,35476803078.46181,841661192051.8541,44247.566153846165,43712.95962962963,-534.606524216535,-629.4385216840795,94.83199746754451
2024-01-17,2024-01-18,43137.99,43188.0,42259.96,42764.71,37465467149.12153,837594185391.5312,44138.07076923077,43672.78555555554,-465.28521367522626,-639.4013390313436,174.11612535611732
2024-01-18,2024-01-19,42777.87,42916.99,40751.17,41296.92,33298896660.055557,828414705555.5695,43921.5176923077,43574.56444444444,-346.9532478632609,-626.2244919278318,279.27124406457085
2024-01-19,2024-01-20,41316.12,42186.01,40336.03,41627.16,43162587574.993034,809637385960.1603,43743.47000000001,43496.78074074074,-246.68925925927033,-582.6075720164687,335.91831275719835
2024-01-20,2024-01-21,41659.07,41857.38,41467.97,41668.99,34880561427.47569,815917942586.9861,43575.664615384616,43446.82111111111,-128.84350427350728,-507.2699525166277,378.42644824312043
2024-01-21,2024-01-22,41696.07,41864.33,41530.03,41549.91,17460482792.76736,817357400243.8993,43164.11846153846,43370.37777777778,206.25931623931683,-391.4205349794316,597.6798512187484
2024-01-22,2024-01-23,41580.35,41685.73,39516.98,39516.98,28953952802.552082,798793726218.2084,42659.11076923077,43259.16222222223,600.0514529914581,-232.27746755302925,832.3289205444873
2024-01-23,2024-01-24,39567.96,40166.68,38604.83,39873.77,47245661174.88194,773227103228.2673,42144.46153846154,43129.14444444445,984.6829059829106,-46.95516302627948,1031.63806900919
2024-01-24,2024-01-25,39904.06,40538.01,39571.64,40145.83,41582556190.395836,782819018315.9757,41666.68230769231,43038.54333333334,1371.861025641032,160.05299461854642,1211.8080310224857
2024-01-25,2024-01-26,40085.18,40278.07,39579.43,39929.16,30611272945.243057,783529941656.0104,41438.46,42959.71925925926,1521.2592592592628,388.4825261158573,1132.7767331434054
2024-01-26,2024-01-27,39961.1,42205.19,39829.36,41866.1,32727132166.552082,802733300472.9305,41363.54307692307,42947.39518518519,1583.8521082621155,616.1644507755619,967.6876574865536
2024-01-27,2024-01-28,41814.0,42190.01,41473.93,42112.7,33456456024.32986,820242705824.4618,41392.373846153845,42943.26962962964,1550.8957834757966,827.0365653687905,723.8592181070061
2024-01-28,2024-01-29,42098.02,42834.18,41696.43,42018.7,23994200912.28125,828469290959.9548,41346.77923076923,42865.36851851852,1518.589287749288,1023.1786261475193,495.41066160176865
2024-01-29,2024-01-30,42031.02,43283.58,41847.34,43269.41,27591401455.65625,832917377571.7118,41356.949230769234,42802.841851851845,1445.8926210826103,1198.1493067426434,247.7433143399669
2024-01-30,2024-01-31,43302.73,43791.13,42811.98,42915.56,35745948974.37153,851479185369.3611,41368.553076923075,42806.45407407408,1437.9009971510022,1334.9983823994974,102.90261475150487
2024-01-31,2024-02-01,42945.4,43741.81,42287.98,42611.24,36387883734.604164,841845565656.9097,41469.65461538463,42748.049999999996,1278.3953846153672,1410.3699303577096,-131.97454574234234
2024-02-01,2024-02-02,42587.2,43239.64,41932.02,43069.45,39191696926.06944,832833554971.9688,41580.600000000006,42709.43296296295,1128.8329629629443,1426.386603355491,-297.55364039254664
2024-02-02,2024-02-03,43082.94,43424.42,42629.75,43189.15,33012863715.56597,844822065348.7257,41697.53538461539,42681.557777777765,984.0223931623768,1383.2934219689737,-399.27102880659686
2024-02-03,2024-02-04,43185.79,43355.96,42925.88,42970.67,26212803849.489582,845608019938.0798,41806.82461538462,42648.972962962944,842.1483475783243,1307.836654004425,-465.6883064261008
2024-02-04,2024-02-05,43006.66,43107.98,42228.04,42609.98,21504822984.77778,841321775010.3159,42044.7476923077,42490.082962962944,445.33527065524686,1181.3347831592173,-735.9995125039704
2024-02-05,2024-02-06,42582.94,43494.23,42286.04,42713.66,27475772366.961807,839543655852.0555,42263.20076923077,42365.32666666666,102.12589743589342,1020.3603513770059,-918.2344539411125
2024-02-06,2024-02-07,42708.71,43360.57,42578.66,43105.15,29890974499.01389,842823370827.7986,42490.840769230774,42237.213333333326,-253.62743589744787,823.4473820829242,-1077.074817980372
2024-02-07,2024-02-08,43096.02,44334.08,42795.21,44328.04,27981396003.07986,849011742925.9062,42829.21615384616,42162.068148148144,-667.1480056980145,588.6650902184103,-1255.8130959164248
2024-02-08,2024-02-09,44345.87,45550.04,44345.87,45315.99,38857280496.84722,880901927478.8438,43094.59230769231,42251.695555555554,-842.8967521367595,335.2431180753257,-1178.139870212085
2024-02-09,2024-02-10,45288.66,48076.09,45252.45,47093.93,47445816052.14931,917625452532.6632,43477.763846153844,42409.247777777775,-1068.5160683760696,74.47517885405493,-1142.9912472301246
2024-02-10,2024-02-11,47122.11,48080.16,46879.57,47760.23,45283385490.22222,929109405398.5,43919.42,42632.29703703704,-1287.1229629629597,-193.96436847104553,-1093.1585944919143
2024-02-11,2024-02-12,47751.14,48534.61,47608.53,48269.68,30911023232.65278,944665729688.2327,44304.05615384616,42841.861851851856,-1462.1943019943064,-465.7662234884548,-996.4280785058517
2024-02-12,2024-02-13,48297.37,50255.98,47745.03,50017.36,38777494088.96528,957112042990.743,44850.348461538466,43096.68259259261,-1753.6658689458563,-754.1900253244748,-999.4758436213815
2024-02-13,2024-02-14,49917.25,50204.94,48449.96,49741.98,53115326968.27431,973839645174.2188,45398.866923076916,43355.1,-2043.766923076917,-1030.7569357391596,-1013.0099873377574
2024-02-14,2024-02-15,49699.59,51945.99,49324.02,51819.74,51748211301.513885,997549034115.4791,46071.96615384615,43744.834074074075,-2327.1320797720764,-1300.6744887622674,-1026.457591009809
2024-02-15,2024-02-16,51783.92,52771.03,51325.97,51888.33,53084197642.982635,1021838077939.8784,46741.13384615384,44124.87740740742,-2616.2564387464226,-1563.1888224121535,-1053.0676163342691
2024-02-16,2024-02-17,51880.02,52467.94,51629.9,52121.96,47646573465.986115,1021079205021.5278,47445.079230769225,44512.02444444445,-2933.0547863247775,-1814.9562424817939,-1118.0985438429836
2024-02-17,2024-02-18,52124.14,52149.08,50630.03,51673.99,35178091490.833336,1013205165333.8055,48142.31076923076,44886.99037037037,-3255.3203988603927,-2083.0033143399755,-1172.3170845204172
2024-02-18,2024-02-19,51642.61,52338.43,51214.73,52119.06,31540616364.510418,1015642862477.6423,48865.803076923075,45353.73407407408,-3512.069002848999,-2354.5091959480787,-1157.5598069009202
2024-02-19,2024-02-20,52126.89,52476.91,51735.45,51739.37,32201907719.760418,1023293740356.0452,49529.97384615385,45793.200740740744,-3736.7731054131073,-2626.692545109206,-1110.0805603039012
2024-02-20,2024-02-21,51774.73,52887.96,50803.55,52278.15,44183700165.34028,1018468225252.3889,50141.520769230774,46242.54592592592,-3898.9748433048517,-2897.4459385881555,-1001.5289047166962
2024-02-21,2024-02-22,52258.8,52341.7,50772.85,51833.0,52153948766.12847,1010598273347.4479,50642.82923076924,46683.42888888889,-3959.4003418803477,-3142.527546691988,-816.8727951883598
2024-02-22,2024-02-23,51849.39,52026.56,50947.82,51339.49,46651103476.97569,1012679602852.4827,50969.410769230766,47034.29518518518,-3935.115584045583,-3352.677397910729,-582.4381861348543
2024-02-23,2024-02-24,51288.38,51501.55,50660.19,50830.04,39680259961.607635,1003273465076.2604,51205.55000000001,47357.15962962963,-3848.3903703703836,-3521.7060968660962,-326.6842735042874
2024-02-24,2024-02-25,50744.12,51664.32,50590.04,51549.1,32742452148.96875,1004394826459.7882,51457.813076923085,47710.137407407405,-3747.67566951568,-3647.419344729347,-100.25632478633315
2024-02-25,2024-02-26,51568.16,51932.93,51340.03,51743.97,26223098130.645832,1013990612709.7534,51590.62923076923,48024.01,-3566.6192307692254,-3717.8153941120636,151.1961633428382
2024-02-26,2024-02-27,51721.05,54899.99,50934.63,54454.91,36653055557.65625,1027224515607.5764,51953.162307692306,48451.393333333326,-3501.76897435898,-3745.1985691674618,243.42959480848185
2024-02-27,2024-02-28,54476.52,57501.14,54463.73,57029.24,81134638355.5243,1108929904071.7048,52353.89307692308,48985.393333333326,-3368.499743589753,-3729.246429249768,360.7466856600149
2024-02-28,2024-02-29,57037.37,63699.03,56731.11,62497.28,96554866216.25348,1164199401855.0208,53169.96615384616,49704.94259259259,-3465.023561253569,-3699.0520354542637,234.02847420069475
2024-02-29,2024-03-01,62432.07,63470.48,60559.34,61256.01,144705189244.5,1219220160267.038,53872.585384615384,50374.08555555556,-3498.4998290598232,-3654.5548116492605,156.05498258943726
2024-03-01,2024-03-02,61153.2,62936.0,60791.79,62481.07,86080951475.55902,1214897930968.2673,54703.899230769224,51096.69296296296,-3607.206267806265,-3615.4221367521404,8.215868945875627
2024-03-02,2024-03-03,62381.06,62381.06,61675.41,62004.02,56200041952.97222,1217268482817.1318,55464.28076923077,51814.99074074074,-3649.2900284900315,-3583.6637416904123,-65.62628679961927
2024-03-03,2024-03-04,61987.33,63182.52,61424.1,63099.99,39229163265.52778,1221662652840.6943,56338.17461538462,52570.04,-3768.134615384617,-3574.7464355808825,-193.3881798037346
2024-03-04,2024-03-05,63130.26,68363.17,62812.07,68208.36,71996842646.85764,1283001116073.3542,57563.57538461538,53499.78851851853,-4063.7868660968525,-3609.86990186768,-453.91696422917266
2024-03-05,2024-03-06,68245.95,68887.74,61397.72,63971.07,119040375749.31818,1300163898134.3777,58497.27307692307,54227.30814814816,-4269.964928774913,-3688.0194238683116,-581.945504906601
2024-03-06,2024-03-07,63765.18,67573.33,62793.17,66137.13,148672936177.77777,1294415376146.1042,59635.55307692308,54998.4614814815,-4637.091595441583,-3814.1663817663784,-822.9252136752048
2024-03-07,2024-03-08,66075.98,67854.61,65688.09,66903.82,83067313501.0382,1311958696591.8855,60871.99769230769,55732.16111111112,-5139.8365811965705,-4010.9815859449136,-1128.8549952516569
2024-03-08,2024-03-09,66823.18,69451.15,66398.03,68202.87,71079775498.71527,1329387120348.6528,62153.05692307691,56489.29592592594,-5663.760997150974,-4255.28574548907,-1408.4752516619037
2024-03-09,2024-03-10,68124.12,68641.97,67899.97,68513.59,74958968163.57986,1341229215174.1318,63443.02769230768,57239.07037037038,-6203.957321937305,-4555.892133586568,-1648.0651883507371
2024-03-10,2024-03-11,68313.27,69857.99,68231.15,68949.74,45808616696.33681,1361100511600.5625,64558.014615384614,57940.26962962964,-6617.744985754973,-4890.3964355808685,-1727.3485501741043
2024-03-11,2024-03-12,68959.19,72708.04,67777.97,72094.44,79078213966.75348,1394226484218.3542,65716.87615384614,58768.13851851853,-6948.737635327612,-5257.001725229489,-1691.735910098123
2024-03-12,2024-03-13,72085.08,72493.29,69356.89,71473.86,89227745554.75694,1408081228656.0278,66407.38230769231,59496.06888888889,-6911.313418803424,-5606.243814498245,-1305.0696043051785
2024-03-13,2024-03-14,71462.21,73607.76,71333.36,73087.95,91851042512.40277,1428409527164.4966,67317.53153846154,60281.24,-7036.291538461541,-5936.522111427655,-1099.7694270338861
2024-03-14,2024-03-15,73082.35,73628.43,68699.98,71432.39,75391048865.6875,1418509576121.7986,68006.09461538462,60996.44111111111,-7009.653504273505,-6240.93195314972,-768.7215511237846
2024-03-15,2024-03-16,71388.99,72305.13,65867.11,69532.18,124794270434.01743,1348218188268.735,68585.18384615384,61657.85555555554,-6927.3282905983,-6495.402697056023,-431.92559354227706
2024-03-16,2024-03-17,69491.06,69931.27,65249.77,65286.52,92160775812.01042,1341199301691.5278,68753.37846153845,62145.53925925926,-6607.839202279189,-6658.514099398536,50.674897119347406
2024-03-17,2024-03-18,65340.0,68870.99,64949.86,68650.08,84216901410.82639,1318249336155.1736,68787.35692307692,62771.861851851856,-6015.495071225065,-6697.595663184546,682.1005919594809
2024-03-18,2024-03-19,68393.46,68920.04,66689.99,67711.55,70655312794.54514,1331937204803.4307,69075.08615384615,63343.46925925926,-5731.616894586885,-6645.113393478943,913.4964988920583
2024-03-19,2024-03-20,67610.0,68096.05,61624.96,61981.15,102045256284.40973,1265347298387.309,68755.39538461539,63719.32666666667,-5036.068717948721,-6469.371585944916,1433.3028679961944
2024-03-20,2024-03-21,61972.04,67982.18,60941.74,67854.02,115391694995.10417,1255313190184.0208,68828.4876923077,64330.97592592593,-4497.5117663817655,-6197.013156062044,1699.5013896802784
2024-03-21,2024-03-22,67842.99,68091.76,64650.4,65476.17,95877864553.05208,1310305920103.309,68618.74153846155,64873.42518518519,-3745.3163532763574,-5845.235704336814,2099.9193510604564
2024-03-22,2024-03-23,65499.91,66630.0,62572.56,63567.63,70832261570.22299,1270966990859.4705,68238.2830769231,65318.55592592592,-2919.727150997176,-5387.839661285218,2468.1125102880424
2024-03-23,2024-03-24,63799.98,65980.04,63119.94,64238.03,64367437851.295135,1269320125025.6216,67875.84384615386,65781.29888888888,-2094.5449572649813,-4841.716489395382,2747.171532130401
2024-03-24,2024-03-25,64004.05,67577.97,63800.19,67246.83,45004303016.263885,1282172693165.5105,67502.95076923078,66255.0737037037,-1247.8770655270782,-4210.666353276358,2962.7892877492795
2024-03-25,2024-03-26,67190.84,70929.95,66463.94,69901.99,59754058610.107635,1343202487556.7083,67382.0376923077,66731.84222222223,-650.1954700854694,-3548.7059385881666,2898.510468502697
2024-03-26,2024-03-27,69890.04,71489.41,69468.56,70059.97,73539340915.59027,1383033138560.8923,67149.11615384616,67011.94185185185,-137.17430199430964,-2895.559186451416,2758.384884457106
2024-03-27,2024-03-28,70007.73,71645.99,68515.98,69529.85,66048307394.06597,1372145083235.2048,67002.76692307691,67318.38037037037,315.61344729346456,-2223.644704020266,2539.2581513137307
2024-03-28,2024-03-29,69470.04,71529.96,69000.37,70702.74,67541826095.72474,1384792377598.965,67092.81,67622.88666666666,530.0766666666605,-1605.184105729668,2135.2607723963283
2024-03-29,2024-03-30,70777.96,70893.95,69130.05,69850.52,51437435661.07317,1377218213267.6167,67443.88692307692,67913.49777777777,469.610854700848,-1053.2815922760444,1522.8924469768924
2024-03-30,2024-03-31,69850.56,70255.82,69560.02,69674.78,39660445250.3125,1375961187450.7534,67522.71,68157.00851851852,634.2985185185098,-566.6577176321703,1200.95623615068
2024-03-31,2024-04-01,69585.1,71345.73,69585.1,71216.98,33677901684.583332,1385235018798.5208,67792.35846153846,68268.4388888889,476.0804273504327,-189.3457644824359,665.4261918328687
2024-04-01,2024-04-02,71286.78,71286.78,68246.03,69731.26,48160176927.625,1370941645025.8193,68388.52076923077,68481.77925925925,93.25849002847099,53.7435074390588,39.514982589412185
2024-04-02,2024-04-03,69660.01,69660.01,64706.05,65448.35,76064873523.09375,1305031837940.3057,68203.46923076923,68456.2688888889,252.79965811966395,220.48536562203014,32.3142924976338
2024-04-03,2024-04-04,65441.29,66778.9,64792.98,66074.16,72688212424.20833,1298722536237.2778,68249.46846153846,68425.54074074073,176.0722792022716,312.29289332066804,-136.22061411839644
2024-04-04,2024-04-05,65963.32,69060.0,65139.94,68461.23,54141942846.19231,1316195162429.9092,68625.89923076922,68435.10962962962,-190.78960113960784,306.3356378600794,-497.1252389996872
2024-04-05,2024-04-06,68487.85,68613.19,66099.34,67928.77,65461159217.25347,1327799451346.375,68909.80230769231,68413.44962962963,-496.3526780626853,216.11717948717381,-712.4698575498592
2024-04-06,2024-04-07,67820.6,69566.35,67492.52,68904.86,48123401317.81944,1338695853172.1807,69037.34307692308,68411.7874074074,-625.5556695156702,87.71358657802597,-713.2692560936962
2024-04-07,2024-04-08,68884.31,70242.04,68850.36,69388.74,38671272310.635414,1365387978509.7014,68997.86230769231,68311.57629629629,-686.2860113960196,-40.7193985438482,-645.5666128521714
2024-04-08,2024-04-09,69360.36,72724.2,69169.74,71631.77,53132608634.298615,1398781579162.8125,69118.77,68317.42481481482,-801.345185185186,-200.23536562203662,-601.1098195631494
2024-04-09,2024-04-10,71631.94,71714.42,68442.77,69198.22,132212729053.50348,1380512011414.8958,69093.26,68173.36074074074,-919.8992592592549,-355.3442196897797,-564.5550395694752
2024-04-10,2024-04-11,69156.0,71078.17,67590.15,70513.6,158873955437.3136,1361467139057.446,69078.71076923076,68139.33148148148,-939.3792877492815,-470.0817505539744,-469.2975371953071
2024-04-11,2024-04-12,70631.08,71247.81,69587.99,70112.05,163547750232.02777,1386276753963.962,69098.82846153846,68160.80814814815,-938.0203133903124,-602.3950807217495,-335.62523266856283
2024-04-12,2024-04-13,70006.21,71173.45,66012.76,67208.21,156492733608.7986,1367900621427.1562,68909.0923076923,68231.98185185186,-677.1104558404477,-697.1931623931628,20.08270655271508
2024-04-13,2024-04-14,67129.0,67890.08,61480.0,64255.94,170831383575.80554,1309324455975.3923,68373.62769230768,68069.23592592592,-304.3917663817556,-709.8156251978459,405.4238588160903
2024-04-14,2024-04-15,63919.56,65737.76,62168.38,65582.95,193384733405.9271,1263072156804.9583,68054.52692307692,67990.39888888889,-64.12803418803378,-661.7906647673291,597.6626305792953
2024-04-15,2024-04-16,65666.9,66716.61,62664.83,63496.91,167288178450.46527,1278786268963.2744,67904.41615384616,68046.53814814815,142.12199430198234,-576.4931465653676,718.61514086735
2024-04-16,2024-04-17,63408.02,64279.61,61721.75,63679.78,164862168464.25696,1239636852612.2708,67720.23307692308,67891.93666666666,171.70358974358533,-481.1609686609671,652.8645584045524
2024-04-17,2024-04-18,63793.38,64409.61,60035.04,61309.97,159271475773.6007,1230701435686.1145,67170.13615384615,67737.63296296296,567.4968091168121,-329.0674137385229,896.564222855335
2024-04-18,2024-04-19,61277.35,64049.91,60896.0,63418.0,162264150662.4331,1228207510554.3696,66823.15384615384,67732.0911111111,908.9372649572615,-125.8633554922433,1034.8006204495048
2024-04-19,2024-04-20,63459.73,65384.6,59734.42,63965.95,179591776267.1359,1254700142550.6133,66443.2376923077,67722.01407407408,1278.77638176638,120.59838556505241,1158.1779962013275
2024-04-20,2024-04-21,63818.04,65351.33,63321.19,64857.99,153799823273.2257,1263699404439.0417,66094.71846153846,67633.53851851852,1538.8200569800538,395.80287116175975,1143.017185818294
2024-04-21,2024-04-22,64940.62,65638.74,64302.47,64896.87,132646330534.83333,1278729530557.1597,65576.64923076922,67448.1637037037,1871.5144729344756,678.9834188034179,1192.5310541310578
2024-04-22,2024-04-23,64937.94,67180.03,64598.0,66818.89,140020711835.5104,1299629613965.4932,65393.623846153845,67328.1237037037,1934.4998575498612,927.7491547958198,1006.7507027540414
2024-04-23,2024-04-24,66822.2,67174.02,65884.15,66386.61,140913944149.0486,1308600456410.0693,65076.163076923076,67211.7074074074,2135.5443304843284,1172.1571953149712,963.3871351693572
2024-04-24,2024-04-25,66414.01,67070.4,63742.73,64291.07,138491370322.2986,1294534621910.038,64628.39538461539,66974.23814814816,2345.842763532768,1417.0150585628362,928.8277049699318
2024-04-25,2024-04-26,64289.6,65083.98,62956.04,64495.27,149157965211.65625,1264226386138.0034,64419.70769230769,66775.89555555556,2356.1878632478692,1659.7355333966455,696.4523298512238
2024-04-26,2024-04-27,64486.53,64732.29,63397.37,63806.23,144552429807.04514,1263022328913.3923,64385.114615384606,66558.54185185186,2173.4272364672506,1838.1722475466943,335.25498892055634
2024-04-27,2024-04-28,63770.01,63891.08,62593.31,63483.13,131524789158.24306,1242332333140.7153,64223.59,66272.10296296296,2048.5129629629664,1964.7917695473282,83.72119341563825
2024-04-28,2024-04-29,63461.99,64300.03,62875.28,63059.25,123978125785.5382,1254074099518.5278,64189.92384615385,66024.99148148148,1835.0676353276358,2026.6019088319122,-191.53427350427637
2024-04-29,2024-04-30,63109.65,64070.04,61835.95,63817.97,128855842856.74306,1235771728615.5557,64200.553846153845,65964.60703703704,1764.053190883198,2051.6278125989284,-287.57462171573025
2024-04-30,2024-05-01,63822.08,64654.02,59265.11,60761.95,143219209457.94446,1217317330212.3333,64158.398461538454,65767.85851851852,1609.4600569800677,2022.5106552706607,-413.0505982905929
2024-05-01,2024-05-02,60669.84,60762.08,56721.02,58266.04,159023293590.83334,1148765177507.25,63762.093846153846,65390.258888888886,1628.1650427350396,1988.4734536245694,-360.3084108895298
2024-05-02,2024-05-03,58365.01,59545.21,57003.3,59134.5,131432823893.60417,1149458619445.3923,63390.443846153845,65064.545185185176,1674.101339031331,1937.202010129792,-263.1006710984609
2024-05-03,2024-05-04,59112.48,63176.02,58837.01,62799.97,104745197131.86806,1193855616696.5278,63232.13461538462,64838.438148148154,1606.303532763537,1855.030984488766,-248.727451725229
2024-05-04,2024-05-05,62870.12,64469.81,62642.67,63880.04,105858800461.71875,1249046843976.913,63153.916923076926,64634.41222222222,1480.4952991452956,1757.7318106995913,-277.2365115542957
2024-05-05,2024-05-06,63893.95,64479.4,63010.78,64040.05,89483521887.88542,1255450583253.3784,62940.16,64353.2374074074,1413.0774074073997,1673.248496359608,-260.17108895220827
2024-05-06,2024-05-07,64011.98,65424.77,62970.14,63197.19,95229564647.93056,1258601500066.3125,62694.820000000014,64130.97703703704,1436.1570370370246,1605.2089490345033,-169.05191199747878
2024-05-07,2024-05-08,63165.14,64322.23,62292.05,62380.43,102284339989.3368,1250305184237.8994,62547.8476923077,63829.748518518514,1281.900826210811,1543.745970243745,-261.84514403293406
2024-05-08,2024-05-09,62312.12,62947.97,60957.21,61220.05,96231033741.69098,1226437181090.7917,62295.90769230771,63500.415185185186,1204.5074928774775,1481.5742260208872,-277.0667331434097
2024-05-09,2024-05-10,61203.59,63349.87,60746.02,63110.01,96371791598.55902,1216539898240.8298,62242.3523076923,63348.63,1106.2776923076963,1425.6650743906237,-319.3873820829274
2024-05-10,2024-05-11,63074.05,63463.95,60318.78,60887.95,99784445417.81598,1223188375479.9097,62042.72307692308,63223.88962962963,1181.1665527065488,1375.9985754985692,-194.83202279202033
2024-05-11,2024-05-12,60800.03,61391.96,60560.03,60784.24,93416078524.9132,1199916424353.4514,61867.72230769231,63046.15962962963,1178.4373219373156,1320.9247958214562,-142.48747388414063
2024-05-12,2024-05-13,60816.04,61763.99,60689.41,61549.96,76159301784.85764,1204681757746.9583,61693.259999999995,62974.050370370365,1280.7903703703705,1284.7566666666598,-3.966296296289329
2024-05-13,2024-05-14,61444.49,63332.96,60786.91,62917.18,90675951502.60417,1227777899897.6284,61859.04692307692,62945.80592592592,1086.759002848994,1241.0081893004042,-154.2491864514102
2024-05-14,2024-05-15,62940.1,63053.02,61157.62,61602.22,96890384586.05902,1220229790815.8298,62115.67615384615,62956.62999999999,840.9538461538395,1177.4389047166753,-336.4850585628358
2024-05-15,2024-05-16,61577.48,66390.0,61404.32,66247.62,100366232949.29514,1251896075834.861,62662.839230769234,63061.43074074074,398.59150997150573,1062.1538461538398,-663.5623361823341
2024-05-16,2024-05-17,66206.5,66598.22,64665.08,65249.97,115681520609.19792,1295913178703.0938,62851.30076923077,63108.987037037026,257.68626780625345,948.3522285533335,-690.66596074708
2024-05-17,2024-05-18,65234.32,67399.94,65156.23,67004.04,102634356864.29514,1305116155080.962,63091.60846153846,63188.47037037037,96.86190883191011,825.2804969927149,-728.4185881608048
2024-05-18,2024-05-19,67030.03,67376.41,66640.01,66914.58,93829825867.83333,1318748541912.823,63312.726153846146,63263.20037037037,-49.52578347577946,696.8578885723286,-746.3836720481081
2024-05-19,2024-05-20,66915.16,67598.31,66005.33,66347.05,84425742668.57986,1317076250481.6077,63555.023076923084,63245.724814814814,-309.29826210827014,531.2506869262377,-840.5489490345078
2024-05-20,2024-05-21,66278.22,71456.55,66139.62,71418.17,97673519611.45486,1332036657324.7048,64250.233846153846,63432.078888888886,-818.1549572649601,309.40710034820705,-1127.562057613167
2024-05-21,2024-05-22,71413.26,71739.14,69266.38,70104.4,140382014974.79166,1391426237434.4653,64933.64538461539,63647.387407407405,-1286.2579772079844,24.17950617283431,-1310.4374833808188
2024-05-22,2024-05-23,70145.51,70599.97,69048.6,69224.99,116115129934.34375,1375990340801.014,65404.02846153847,63822.56222222222,-1581.4662393162507,-272.2899651788596,-1309.1762741373911
2024-05-23,2024-05-24,69166.59,70036.03,66671.21,67923.97,111358739714.12152,1355143547460.9895,65945.26076923076,63975.07111111111,-1970.189658119656,-584.6392434314702,-1385.5504146881858
2024-05-24,2024-05-25,67989.95,69184.6,66714.03,68534.95,118732856369.60764,1338591265664.139,66541.46923076922,64162.17555555555,-2379.2936752136666,-893.2931528964893,-1486.0005223171772
2024-05-25,2024-05-26,68549.98,69544.36,68529.54,69264.99,98349462378.77083,1359001925515.4756,67134.93307692307,64392.01777777777,-2742.915299145301,-1226.6933270022175,-1516.2219721430836
2024-05-26,2024-05-27,69284.48,69464.03,68313.96,68552.6,88617970999.7743,1359122396532.986,67568.42692307691,64567.37444444444,-3001.052478632475,-1570.9060367204827,-1430.1464419119923
2024-05-27,2024-05-28,68513.99,70660.82,68271.15,69446.22,94366758873.81598,1362623722399.2812,68171.81153846152,64889.01407407407,-3282.797464387455,-1930.1584457106687,-1352.6390186767862
2024-05-28,2024-05-29,69377.71,69469.69,67284.99,68397.44,104610415892.73264,1345253913901.3125,68337.1823076923,65264.2511111111,-3072.931196581201,-2237.2287717632166,-835.7024248179846
2024-05-29,2024-05-30,68398.42,68917.38,67172.01,67665.53,100941705870.14583,1339429081861.6528,68522.99461538461,65580.21518518518,-2942.779430199429,-2473.298157644824,-469.48127255460486
2024-05-30,2024-05-31,67575.28,69472.55,67191.52,68375.98,99654420792.42014,1343777230166.5833,68628.52846153846,65786.73407407406,-2841.794387464397,-2646.1355365622035,-195.65885090219354
2024-05-31,2024-06-01,68352.12,68894.35,66741.31,67576.21,99878780775.00348,1340010675163.264,68679.42307692308,65923.62925925927,-2755.7938176638127,-2776.6163786008215,20.822560937008802
2024-06-01,2024-06-02,67545.59,67865.07,67467.77,67747.95,92032958380.85417,1333965874339.8818,68787.18461538461,66060.95888888888,-2726.2257264957298,-2860.620386198163,134.39465970243327
2024-06-02,2024-06-03,67766.88,68429.33,67399.94,67781.47,81799035674.69444,1336549079510.6494,68507.43846153846,66230.74703703703,-2276.691424501434,-2849.220136119026,572.5287116175919
2024-06-03,2024-06-04,67779.94,70212.93,67634.05,68808.7,97398272823.32986,1358888276436.8855,68407.76923076922,66468.83111111111,-1938.938119658109,-2759.8893383982268,820.9512187401178
2024-06-04,2024-06-05,68809.87,71020.04,68633.19,70599.0,104654845182.98264,1371599959992.6423,68513.46230769229,66816.19962962961,-1697.2626780626742,-2615.0238050015823,917.7611269389081
2024-06-05,2024-06-06,70537.85,71696.85,70443.46,71131.93,111311224610.05208,1399930475342.5972,68760.22846153844,67113.30777777777,-1646.9206837606762,-2433.2597182652735,786.3390345045973
2024-06-06,2024-06-07,71087.06,71603.24,70330.65,70783.1,102877542640.21875,1399125828326.361,68933.16307692308,67479.7948148148,-1453.3682621082844,-2253.308281101616,799.9400189933317
2024-06-07,2024-06-08,70799.08,71968.03,68728.21,69375.8,106092074580.18056,1392124871309.0798,68941.68692307692,67798.00074074074,-1143.6861823361833,-2053.4090313390334,909.7228490028501
2024-06-08,2024-06-09,69355.62,69582.23,69224.59,69316.65,103610754573.20833,1367427987313.8784,69000.45999999999,68085.65592592592,-914.8040740740689,-1839.2989965178858,924.4949224438169
2024-06-09,2024-06-10,69310.52,69850.12,69169.97,69657.34,83310044389.57639,1368597583239.2153,69016.7,68335.29148148147,-681.4085185185249,-1608.8117410572984,927.4032225387734
2024-06-10,2024-06-11,69648.18,70160.0,69258.75,69519.27,87451861112.73958,1371123086722.413,69102.99461538462,68628.51555555555,-474.47905982907105,-1358.617666983225,884.138607154154
2024-06-11,2024-06-12,69540.15,69580.24,66193.56,67345.04,104796038194.81944,1330334787420.3264,69078.34153846154,68669.16074074074,-409.18079772079363,-1151.1164862298206,741.9356885090269
2024-06-12,2024-06-13,67314.24,69980.04,66960.38,68270.22,107347892439.03473,1343572403474.8057,69070.20615384616,68781.02185185185,-289.1843019943044,-967.8105064893979,678.6262044950935
2024-06-13,2024-06-14,68263.95,68393.59,66436.08,66771.55,111573193221.80902,1327430504493.677,69008.30923076923,68772.41111111111,-235.89811965811532,-805.4366666666691,569.5385470085538
2024-06-14,2024-06-15,66772.99,67343.12,65117.84,66052.46,98995504258.57986,1310523862820.8298,68877.88692307692,68740.48074074074,-137.40618233618443,-637.7128331750589,500.3066508388745
2024-06-15,2024-06-16,65992.06,66441.35,65916.0,66198.06,91215626049.64583,1304545675023.698,68756.08615384615,68734.9625925926,-21.123561253552907,-478.57453308008877,457.45097182653586
2024-06-16,2024-06-17,66228.19,66964.66,66064.03,66661.05,76461375993.26389,1309077955189.5417,68590.8823076923,68558.77296296296,-32.10934472933877,-355.06599556821715,322.9566508388784
2024-06-17,2024-06-18,66679.37,67247.97,65199.99,66491.14,86664744891.26389,1304635534157.816,68274.89307692308,68424.94851851852,150.05544159543933,-236.74827160493845,386.8037132003778
2024-06-18,2024-06-19,66487.62,66514.58,64154.04,65098.92,105436105675.87848,1284844245291.1145,67810.81538461539,68272.1311111111,461.3157264957117,-109.77891104780105,571.0946375435128
2024-06-19,2024-06-20,65175.32,65631.97,64693.19,64950.06,99459975582.0,1283763970740.7708,67362.12000000001,68161.9862962963,799.8662962962844,31.815017410571777,768.0512788857127
2024-06-20,2024-06-21,64974.38,66411.96,64595.1,64881.08,86987051058.93056,1286536885825.684,67016.37230769232,68026.65777777779,1010.2854700854659,189.5334916112673,820.7519784741986
2024-06-21,2024-06-22,64870.0,65055.95,63472.0,64097.29,91064047001.40277,1265161643968.486,66614.88307692308,67835.26148148149,1220.3784045584034,357.26268122823484,863.1157233301685
2024-06-22,2024-06-23,64131.09,64505.96,63980.01,64272.8,81694907535.11806,1266799825790.1702,66200.68769230769,67676.75037037038,1476.0626780626917,547.4805476416578,928.5821304210339
2024-06-23,2024-06-24,64261.95,64521.03,63290.43,63290.43,68549855803.18056,1265330566688.6006,65721.54615384617,67448.75814814816,1727.2119943019934,754.6603450458998,972.5516492560936
2024-06-24,2024-06-25,63197.97,63316.01,58946.24,60382.81,88214365730.36458,1211219588927.0173,65185.990000000005,67151.92000000001,1965.9300000000076,975.4440740740732,990.4859259259343
2024-06-25,2024-06-26,60297.21,62231.16,60272.58,61789.98,105012900610.22223,1208344232787.2432,64687.51000000001,66934.30703703704,2246.7970370370313,1228.6558942703366,1018.1411427666947
2024-06-26,2024-06-27,61804.76,62357.58,60761.24,60761.24,101705522290.09027,1210569518914.9792,64225.17846153847,66652.27962962964,2427.101168091176,1481.6609749920851,945.440193099091
2024-06-27,2024-06-28,60854.02,62338.43,60666.19,61646.05,121597828546.94098,1208359521976.1182,63886.223846153836,66432.64407407408,2546.4202279202436,1713.339252928144,833.0809749920995
2024-06-28,2024-06-29,61617.14,62200.29,60080.0,60427.86,86177794784.1875,1206091521629.9202,63442.3623076923,66161.52962962964,2719.1673219373406,1926.594922443817,792.5723994935236
2024-06-29,2024-06-30,60427.81,61210.0,60426.02,60964.17,81524470017.98264,1200637863094.9756,63004.14076923078,65909.03703703705,2904.8962678062744,2137.1072333016846,767.7890345045898
2024-06-30,2024-07-01,60986.67,62990.1,60660.77,62849.53,72644110248.8125,1212487409355.9583,62724.01692307693,65688.32703703704,2964.310113960113,2330.877423235208,633.4326907249051
2024-07-01,2024-07-02,62771.97,63844.24,62597.62,62889.92,86017960841.93056,1244171964434.75,62554.09384615385,65402.80555555556,2848.7117094017085,2483.3939822728767,365.31772712883185
2024-07-02,2024-07-03,62906.0,63243.07,61816.25,62127.95,83918670305.98611,1232201860247.7014,62337.00846153846,65069.32481481481,2732.31635327635,2595.0722443811383,137.24410889521187
2024-07-03,2024-07-04,62127.99,62285.9,59521.02,60294.75,87751477173.18056,1194737097555.5833,61984.21384615385,64680.86740740741,2696.653561253559,2676.2637511870885,20.389810066470545
2024-07-04,2024-07-05,60208.62,60465.72,56809.43,57142.0,101841641575.29167,1149061223527.9932,61449.191538461535,64227.76370370371,2778.572165242178,2735.349876543216,43.222288698962075
2024-07-05,2024-07-06,57043.9,57434.94,53761.07,56691.34,122554076854.67014,1098277236760.1841,60866.0023076923,63760.15962962964,2894.1573219373386,2787.2450047483453,106.91231718899326
2024-07-06,2024-07-07,56628.73,58398.11,56050.98,58232.99,98029265844.13194,1123846909922.1216,60476.96846153846,63337.03555555555,2860.0670940170894,2822.0946565368836,37.972437480205826
2024-07-07,2024-07-08,58230.16,58374.36,55818.0,55878.38,79631334264.54167,1129871085015.9653,60130.473846153836,62831.8174074074,2701.3435612535613,2820.11423868313,-118.77067742956888
2024-07-08,2024-07-09,55857.81,57909.97,54411.12,56681.81,99609702443.84027,1107722436798.6318,59737.53769230769,62436.882962962954,2699.3452706552634,2797.2752389996845,-97.92996834442101
2024-07-09,2024-07-10,56646.67,58127.91,56409.45,57995.99,100398238221.78049,1131385741143.2126,59524.82615384615,62056.35592592592,2531.529772079768,2749.1885343463127,-217.65876226654473
2024-07-10,2024-07-11,57923.75,59317.95,57193.27,57719.47,91848128823.29268,1144695234001.575,59222.78153846153,61721.09370370369,2498.3121652421614,2710.255251661919,-211.9430864197575
2024-07-11,2024-07-12,57619.19,59282.81,57174.19,57381.96,91437938548.90909,1140514775974.1992,58988.481538461536,61399.964074074065,2411.4825356125293,2674.607049699272,-263.1245140867427
2024-07-12,2024-07-13,57299.22,58519.96,56607.98,57899.96,93418137284.68292,1132233813938.1812,58752.77307692306,61092.627037037026,2339.8539601139637,2634.96264957265,-295.1086894586865
2024-07-13,2024-07-14,57858.96,59687.99,57774.09,59174.19,83611257769.9547,1150584338265.244,58470.054615384615,60815.33592592592,2345.281310541308,2586.8192212725535,-241.53791073124557
2024-07-14,2024-07-15,59318.59,61330.03,59316.48,60946.02,85066289307.21603,1182438189362.1638,58320.523846153854,60609.9611111111,2289.437264957247,2519.6281038303214,-230.19083887307443
2024-07-15,2024-07-16,60876.22,64819.37,60680.22,64819.37,100145806081.73868,1239361200720.1533,58527.55615384616,60599.607407407406,2072.0512535612434,2432.0707882241163,-360.01953466287296
2024-07-16,2024-07-17,64868.03,65264.81,62529.99,65119.1,116542026597.43555,1264281625543.7874,58898.66,60605.86814814815,1707.2081481481437,2321.6112978790698,-614.4031497309261
2024-07-17,2024-07-18,65076.01,66022.58,63951.49,64120.47,113492292607.62369,1281066999117.7144,59435.46538461538,60577.69740740741,1142.2320227920281,2148.5987147831547,-1006.3666919911266
2024-07-18,2024-07-19,64159.97,65088.95,63253.12,63966.13,99977799879.21254,1267402485535.265,59995.064615384625,60572.83962962963,577.7750142450022,1931.514852801514,-1353.7398385565118
2024-07-19,2024-07-20,63910.04,67348.04,63311.26,66648.03,101639252770.35191,1281855582543.6133,60642.375384615385,60660.81111111111,18.43572649572161,1655.9730262741318,-1637.5372997784102
2024-07-20,2024-07-21,66699.54,67536.34,66263.2,67182.45,104553506285.97212,1315702759692.4285,61511.91923076923,60804.96,-706.9592307692292,1309.4794966761588,-2016.438727445388
2024-07-21,2024-07-22,67102.0,68286.03,66038.96,68071.99,89676444049.20906,1323676303507.9895,62388.08692307692,61089.74444444444,-1298.3424786324758,905.2354479265543,-2203.57792655903
2024-07-22,2024-07-23,68178.02,68428.05,66617.59,67587.97,112174263548.25964,1331303541991.1018,63125.931538461526,61304.48481481481,-1821.4467236467171,442.2656663501071,-2263.712389996824
2024-07-23,2024-07-24,67537.99,67693.99,65528.37,65914.55,115158262082.33449,1312242825607.23,63756.3223076923,61495.34814814815,-2260.974159544152,-63.33560303893723,-2197.6385565052146
2024-07-24,2024-07-25,65989.99,67054.0,65249.96,65412.03,107162775416.82579,1302064513046.3972,64374.020000000004,61634.828888888886,-2739.1911111111185,-597.918088002533,-2141.2730231085857
2024-07-25,2024-07-26,65453.96,66042.03,63509.02,65750.02,111090252492.92683,1272973411029.4077,64977.87076923078,61831.945925925924,-3145.924843304856,-1137.1550870528663,-2008.7697562519897
2024-07-26,2024-07-27,65828.01,68200.04,65828.01,67914.02,113089301630.39372,1325517976260.4705,65650.1653846154,62089.34777777778,-3560.8176068376124,-1659.7161570117153,-1901.1014498258971
2024-07-27,2024-07-28,67865.97,69386.01,66800.05,68045.98,102398740886.43903,1345115962771.871,66196.31615384616,62281.80888888888,-3914.5072649572758,-2158.858632478635,-1755.6486324786406
2024-07-28,2024-07-29,67699.97,68270.69,67070.3,68234.91,115846507993.94774,1336333065159.3171,66459.05000000002,62479.771481481475,-3979.278518518542,-2603.0491041468867,-1376.2294143716554
2024-07-29,2024-07-30,68190.01,69947.98,66694.08,66810.03,101383758813.21254,1351833884687.9895,66589.12153846155,62653.18185185185,-3935.9396866097013,-2961.8247103513836,-974.1149762583177
2024-07-30,2024-07-31,66743.69,66988.03,65500.99,66244.03,114280185390.73868,1308166869764.3484,66752.47230769231,62873.525555555556,-3878.946752136755,-3248.5585185185255,-630.3882336182296
2024-07-31,2024-08-01,66095.88,66779.95,64565.99,64665.98,104724657195.78746,1300436793721.6445,66806.30692307692,63152.19148148148,-3654.115441595437,-3452.188376068383,-201.92706552705386
2024-08-01,2024-08-02,64690.06,65535.99,62356.12,65409.83,115915313679.64111,1265476494606.2578,66711.06076923077,63475.09851851853,-3235.9622507122403,-3560.520386198171,324.5581354859305
2024-08-02,2024-08-03,65470.03,65526.01,61377.99,61487.05,126678255697.5784,1259657978581.77,66272.95307692309,63595.619259259256,-2677.3338176638354,-3553.647353592917,876.3135359290818
2024-08-03,2024-08-04,61551.85,62193.7,59959.55,60760.03,127508490963.48781,1209847165746.9583,65710.49461538462,63776.421111111114,-1934.0735042735105,-3418.9972048116565,1484.923700538146
2024-08-04,2024-08-05,60721.48,61077.99,57382.0,58074.85,92944193833.37979,1183777771669.8118,64978.71615384616,63828.01518518519,-1150.7009686609672,-3151.206467236474,2000.5054985755069
2024-08-05,2024-08-06,58282.02,58282.02,49435.77,54006.0,212195781011.71082,1054109105825.6097,64062.67384615385,63680.23777777778,-382.43606837606785,-2758.754112060784,2376.318043684716
2024-08-06,2024-08-07,54153.99,56949.51,54153.99,55982.04,180069767679.24042,1102277924946.6377,63337.29000000001,63615.88851851853,278.59851851852,-2285.6566635011104,2564.2551820196304
2024-08-07,2024-08-08,55931.96,57657.97,54669.95,55024.11,115542644837.35191,1111517429412.9827,62512.22,63528.560740740744,1016.3407407407431,-1735.4032826843945,2751.7440234251376
2024-08-08,2024-08-09,55208.09,62442.19,54745.98,61837.93,115082738098.83275,1148277529608.9478,62044.82846153846,63674.41148148148,1629.5830199430202,-1123.344419119975,2752.9274390629953
2024-08-09,2024-08-10,61642.59,61642.59,59699.99,60848.51,119380537562.54007,1198052371289.9583,61491.17692307693,63736.42333333334,2245.2464102564118,-467.85976891421404,2713.1061791706256
2024-08-10,2024-08-11,60707.54,61178.66,60262.05,60875.98,95154408736.78746,1198423963883.9304,60925.10538461538,63733.82925925926,2808.7238746438816,203.77202279202174,2604.95185185186
2024-08-11,2024-08-12,60958.03,61554.95,58439.57,58819.99,79394741807.11847,1192444538961.5435,60310.486923076925,63511.63,3201.143076923072,856.936122190567,2344.206954732505
2024-08-12,2024-08-13,58804.02,60469.67,57916.99,59342.02,100105883667.67247,1164230078281.8257,59779.56307692307,63297.66407407407,3518.1009971509993,1462.7332890155126,2055.3677081354867
2024-08-13,2024-08-14,59455.98,61507.57,58526.98,60565.01,103696068413.57143,1178381779554.0872,59464.10384615384,63165.98037037037,3701.876524216532,2001.9085660019014,1699.9679582146305
2024-08-14,2024-08-15,60460.83,61459.95,58577.96,58730.93,100245718135.20906,1186804832893.1743,58950.34230769231,62972.08407407407,4021.741766381754,2491.2616587527705,1530.4801076289837
2024-08-15,2024-08-16,58731.42,59808.54,56658.81,57600.0,103561753070.77351,1152323874600.446,58651.33846153847,62636.97185185185,3985.633390313378,2903.1544222855323,1082.478968027846
2024-08-16,2024-08-17,57523.11,59806.42,57168.52,58902.1,106395319154.49826,1153353002063.1533,58508.42076923077,62330.292222222226,3821.8714529914578,3214.8800569800565,606.9913960114013
2024-08-17,2024-08-18,58902.94,59669.97,58855.66,59420.03,88140111621.74216,1169880838222.3833,58611.89615384616,62009.84925925927,3397.9531054131076,3411.3656220322882,-13.412516619180678
2024-08-18,2024-08-19,59479.04,60212.28,58525.95,58525.95,80655928562.98607,1177542188593.5122,58959.584615384614,61674.21888888889,2714.634273504278,3463.519829059829,-748.885555555551
2024-08-19,2024-08-20,58320.02,59562.71,57928.86,59562.71,93178855472.10802,1157509291689.108,59235.02076923076,61438.96555555556,2203.9447863247988,3396.322152579931,-1192.377366255132
2024-08-20,2024-08-21,59448.0,61315.96,58705.68,59056.01,103619917438.06621,1185948542857.0105,59545.16692307692,61203.55740740742,1658.390484330499,3224.9051978474226,-1566.5147135169236
2024-08-21,2024-08-22,59114.41,61813.19,58907.09,61109.99,109456682134.21603,1180932346414.1184,59489.17153846153,61031.70444444445,1542.5329059829164,3005.3976321620803,-1462.8647261791639
2024-08-22,2024-08-23,61167.48,61379.44,59953.14,60386.02,109925654743.1324,1197426375299.5957,59453.59538461537,60752.88962962963,1299.2942450142582,2738.44404558405,-1439.1498005697918
2024-08-23,2024-08-24,60392.09,64851.37,60392.09,63979.97,109681143161.26573,1218888710712.563,59692.36384615384,60602.29666666666,909.9328205128186,2392.687496043057,-1482.7546755302383
2024-08-24,2024-08-25,64090.69,64416.96,63625.97,64107.98,125881577994.09407,1264412172950.7073,60099.13230769231,60449.4474074074,350.31509971509513,1988.7632415321366,-1638.4481418170415
2024-08-25,2024-08-26,64184.99,64837.15,63792.95,64279.03,94619490854.93729,1265316086913.1846,60478.90230769232,60355.70666666666,-123.19564102566073,1550.4224533080123,-1673.618094333673
2024-08-26,2024-08-27,64347.03,64374.01,62866.04,62866.04,101203762857.35191,1256706917886.4844,60655.904615384614,60230.59592592592,-425.3086894586959,1125.6155872111453,-1550.9242766698412
2024-08-27,2024-08-28,62828.6,63189.69,58564.03,59503.05,109127583964.41115,1227021403141.0278,60715.29846153847,60039.376296296294,-675.9221652421766,748.8870940170948,-1424.8092592592714
2024-08-28,2024-08-29,59320.04,60162.0,57933.03,59034.65,125193171751.83275,1170041472108.021,60825.65615384617,59803.258518518516,-1022.3976353276521,390.404602722378,-1412.8022380500302
2024-08-29,2024-08-30,59076.95,61106.97,58821.98,59348.98,110310423675.44948,1178040523912.0732,60860.03153846155,59724.07074074074,-1135.9607977208143,79.92112693889875,-1215.8819246597131
2024-08-30,2024-08-31,59295.05,59763.02,57944.0,59158.0,106977637878.67247,1166363249388.6794,60839.87538461539,59664.736296296294,-1175.139088319098,-222.0424279835473,-953.0966603355506
2024-08-31,2024-09-01,59115.46,59382.99,58800.05,58965.98,102719941863.68292,1166833451801.5227,60873.723846153836,59697.7411111111,-1175.9827350427367,-497.0732035454356,-678.9095314973011
2024-09-01,2024-09-02,58972.96,59038.16,57268.97,57341.08,99808533702.47038,1149971682521.6794,60702.829230769225,59821.26259259259,-881.566638176635,-696.128698955375,-185.43793922126008
2024-09-02,2024-09-03,57333.38,59350.72,57297.96,59127.62,111999098228.25435,1149670462101.4739,60708.33769230769,59937.76555555556,-770.5721367521255,-820.6717252295106,50.099588477385055
2024-09-03,2024-09-04,59105.91,59764.0,57544.01,57544.01,110839951228.43205,1157513796045.655,60434.03153846153,60031.095185185186,-402.93635327634547,-851.7540265906978,448.8176733143523
2024-09-04,2024-09-05,57644.03,58489.96,55737.91,57984.05,119214510126.47386,1129078127994.1116,60249.26461538462,59888.358888888884,-360.9057264957373,-844.5981418170356,483.6924153212983
2024-09-05,2024-09-06,58006.56,58284.98,55835.0,56170.04,115814349011.1324,1121929134241.6099,59648.50076923078,59715.08222222222,66.58145299144235,-762.097739791078,828.6791927825203
2024-09-06,2024-09-07,56209.17,56896.3,52738.0,53922.68,120787253459.05226,1091996852510.7631,58865.01615384617,59457.5525925926,592.5364387464288,-582.6606204495134,1175.197059195942
2024-09-07,2024-09-08,53976.04,54810.03,53767.28,54188.32,121445897017.69337,1071141347783.9269,58088.807692307695,59286.00925925928,1197.2015669515822,-323.42035770813607,1520.6219246597184
2024-09-08,2024-09-09,54116.16,55228.47,53694.23,54823.96,77973295408.60278,1073878187187.4844,57470.18615384616,59118.67370370371,1648.4875498575493,-9.684064577397496,1658.1716144349468
2024-09-09,2024-09-10,54777.01,57869.99,54624.95,57031.98,95723896724.91228,1099907178125.3613,57280.10384615384,58987.820740740746,1707.7168945869053,310.7270053814516,1396.9898892054537
2024-09-10,2024-09-11,56964.02,57984.81,56487.58,57627.99,103703769724.7317,1128119592931.965,57171.899230769224,58946.97111111111,1775.0718803418858,605.9090629946206,1169.1628173472652
2024-09-11,2024-09-12,57600.01,57960.58,55588.99,57364.02,108220528609.446,1124141546458.115,57019.21,58938.23111111111,1919.021111111113,904.7527572016471,1014.2683539094659
2024-09-12,2024-09-13,57371.99,58514.55,57371.99,58116.05,112051169145.18466,1146172572942.6272,56939.060000000005,58909.118148148154,1970.0581481481495,1168.41881291548,801.6393352326695
2024-09-13,2024-09-14,58153.97,60593.91,57688.82,60575.47,101420595997.81184,1159355964877.5889,57062.86692307692,58951.91222222223,1889.0452991453058,1418.4133713200401,470.6319278252656
2024-09-14,2024-09-15,60560.04,60590.1,59530.84,59987.93,100482054719.06621,1185546465171.9966,57266.47076923078,59006.05962962963,1739.5888603988496,1604.3030832541965,135.28577714465314
2024-09-15,2024-09-16,59999.98,60375.64,58855.95,59198.11,77829620369.19164,1184977871771.244,57271.89307692308,58992.555925925924,1720.6628490028452,1729.6504621715762,-8.987613168731059
2024-09-16,2024-09-17,59191.96,59191.96,57549.78,58229.2,94703021874.56445,1152253111991.209,57324.59999999999,58961.93333333334,1637.3333333333503,1778.5539917695505,-141.2206584362002
2024-09-17,2024-09-18,58267.94,61259.99,57620.0,60303.5,101668766635.31708,1172633447284.5715,57503.019230769234,58932.06333333333,1429.0441025640976,1754.1713865147224,-325.1272839506248
2024-09-18,2024-09-19,60313.98,61449.14,59216.01,61449.14,110043990808.47038,1188172297080.9094,57909.10384615384,58971.438148148154,1062.3343019943131,1682.46220955999,-620.1279075656769
2024-09-19,2024-09-20,61831.96,63819.92,61592.0,62953.98,127035448554.81534,1237744694233.0417,58603.81923076923,58933.438518518524,329.619287749294,1521.856365938591,-1192.2370781892969
2024-09-20,2024-09-21,62935.88,64053.96,62400.04,63102.03,115934019619.80139,1248769660324.1533,59289.48923076923,58896.18111111111,-393.3081196581188,1264.9308958531208,-1658.2390155112396
2024-09-21,2024-09-22,63112.9,63519.41,62823.98,63389.92,94051059382.0453,1246516946650.5818,59948.40923076923,58863.2511111111,-1085.158119658132,925.4624216524228,-2010.6205413105547
